{"meta": {"format": 3, "version": "7.13.0", "timestamp": "2026-01-07T21:46:41.583737", "branch_coverage": false, "show_contexts": false}, "files": {"smrforge\\uncertainty\\uq.py": {"executed_lines": [2, 7, 8, 10, 11, 12, 13, 14, 15, 16, 17, 18, 19, 20, 23, 24, 28, 29, 31, 32, 33, 34, 35, 36, 38, 39, 41, 44, 47, 48, 49, 65, 66, 67, 68, 69, 70, 72, 74, 75, 76, 81, 82, 85, 86, 87, 91, 92, 96, 97, 98, 102, 103, 107, 108, 109, 114, 128, 129, 131, 133, 134, 135, 137, 138, 139, 141, 143, 144, 145, 146, 148, 149, 150, 151, 154, 156, 158, 159, 160, 161, 162, 164, 170, 176, 177, 178, 180, 181, 182, 183, 186, 187, 188, 191, 192, 195, 196, 206, 207, 208, 210, 211, 213, 214, 215, 219, 220, 221, 223, 225, 241, 242, 244, 246, 248, 249, 251, 253, 270, 271, 273, 275, 278, 281, 283, 285, 286, 287, 290, 291, 292, 308, 310, 327, 328, 330, 332, 335, 336, 339, 341, 342, 343, 344, 347, 348, 349, 357, 360, 361, 373, 380, 381, 383, 384, 386, 387, 389, 390, 391, 393, 394, 395, 396, 397, 399, 404, 428, 429, 431, 432, 433, 435, 439, 440, 441, 442, 445, 446, 447, 448, 449, 450, 455, 456, 458, 459, 461, 463, 466, 467, 468, 469, 474, 476, 477, 478, 481, 484, 485, 486, 489, 491, 493, 496, 497, 499, 507, 517, 519, 521, 523, 524, 525, 526, 527, 528, 529, 531, 532, 533, 534, 535, 537, 546, 549, 550, 562, 569, 570, 572, 573, 575, 578, 579, 580, 581, 583, 588, 607, 608, 610, 611, 695, 705, 706, 708, 709, 710, 713, 714, 716, 717, 718, 719, 720, 723, 725, 726, 727, 728, 731, 732, 733, 734, 738, 740, 742, 759, 760, 761, 762, 764, 765, 846, 856, 857, 859, 860, 861, 864, 865, 867, 868, 869, 870, 871, 873, 874, 877, 879, 880, 883, 884, 890, 897, 900, 901, 905, 906, 923, 924, 926, 927, 931, 932, 934, 935, 937, 939, 940, 943, 944, 947, 953, 956, 957, 958, 959, 962, 963, 964, 965, 966, 967, 968, 971, 972, 973, 974, 977, 979, 980, 982, 983, 985, 986, 1004, 1005, 1007, 1008, 1012, 1013, 1015, 1016, 1018, 1019, 1046, 1047, 1064, 1065, 1067, 1068, 1073, 1074, 1076, 1078, 1079, 1083, 1084, 1108, 1162], "summary": {"covered_lines": 355, "num_statements": 458, "percent_covered": 77.51091703056768, "percent_covered_display": "77.5", "missing_lines": 103, "excluded_lines": 27, "percent_statements_covered": 77.51091703056768, "percent_statements_covered_display": "77.5"}, "missing_lines": [25, 26, 27, 295, 296, 297, 298, 299, 304, 353, 452, 576, 616, 621, 624, 638, 642, 643, 646, 647, 649, 650, 652, 653, 656, 657, 658, 659, 663, 664, 665, 666, 669, 671, 672, 673, 677, 679, 681, 684, 686, 687, 688, 691, 693, 736, 770, 775, 778, 792, 794, 795, 798, 799, 801, 802, 804, 805, 808, 809, 810, 811, 815, 816, 817, 818, 821, 823, 824, 825, 829, 831, 833, 836, 838, 839, 840, 842, 844, 885, 886, 888, 1024, 1027, 1028, 1029, 1030, 1034, 1037, 1040, 1044, 1089, 1092, 1093, 1094, 1095, 1098, 1099, 1100, 1101, 1103, 1104, 1110], "excluded_lines": [1162, 1163, 1164, 1167, 1170, 1171, 1172, 1173, 1174, 1175, 1176, 1177, 1178, 1179, 1180, 1181, 1182, 1183, 1184, 1185, 1186, 1189, 1195, 1198, 1199, 1201, 1203], "functions": {"UncertainParameter.__post_init__": {"executed_lines": [74, 75, 76, 81, 82, 85, 86, 87, 91, 92, 96, 97, 98, 102, 103, 107, 108, 109], "summary": {"covered_lines": 18, "num_statements": 18, "percent_covered": 100.0, "percent_covered_display": "100.0", "missing_lines": 0, "excluded_lines": 0, "percent_statements_covered": 100.0, "percent_statements_covered_display": "100.0"}, "missing_lines": [], "excluded_lines": []}, "UncertainParameter.sample": {"executed_lines": [128, 129, 131, 133, 134, 135, 137, 138, 139, 141, 143, 144, 145, 146, 148, 149, 150, 151, 154], "summary": {"covered_lines": 19, "num_statements": 19, "percent_covered": 100.0, "percent_covered_display": "100.0", "missing_lines": 0, "excluded_lines": 0, "percent_statements_covered": 100.0, "percent_statements_covered_display": "100.0"}, "missing_lines": [], "excluded_lines": []}, "UncertainParameter.to_salib_format": {"executed_lines": [158, 159, 160, 161, 162, 164, 170], "summary": {"covered_lines": 7, "num_statements": 7, "percent_covered": 100.0, "percent_covered_display": "100.0", "missing_lines": 0, "excluded_lines": 0, "percent_statements_covered": 100.0, "percent_statements_covered_display": "100.0"}, "missing_lines": [], "excluded_lines": []}, "MonteCarloSampler.__init__": {"executed_lines": [207, 208, 210, 211, 213, 214, 215, 219, 220, 221, 223], "summary": {"covered_lines": 11, "num_statements": 11, "percent_covered": 100.0, "percent_covered_display": "100.0", "missing_lines": 0, "excluded_lines": 0, "percent_statements_covered": 100.0, "percent_statements_covered_display": "100.0"}, "missing_lines": [], "excluded_lines": []}, "MonteCarloSampler.sample_monte_carlo": {"executed_lines": [241, 242, 244, 246, 248, 249, 251], "summary": {"covered_lines": 7, "num_statements": 7, "percent_covered": 100.0, "percent_covered_display": "100.0", "missing_lines": 0, "excluded_lines": 0, "percent_statements_covered": 100.0, "percent_statements_covered_display": "100.0"}, "missing_lines": [], "excluded_lines": []}, "MonteCarloSampler.sample_latin_hypercube": {"executed_lines": [270, 271, 273, 275, 278, 281, 283, 285, 286, 287, 290, 291, 292, 308], "summary": {"covered_lines": 14, "num_statements": 20, "percent_covered": 70.0, "percent_covered_display": "70.0", "missing_lines": 6, "excluded_lines": 0, "percent_statements_covered": 70.0, "percent_statements_covered_display": "70.0"}, "missing_lines": [295, 296, 297, 298, 299, 304], "excluded_lines": []}, "MonteCarloSampler.sample_sobol_sequence": {"executed_lines": [327, 328, 330, 332, 335, 336, 339, 341, 342, 343, 344, 347, 348, 349, 357], "summary": {"covered_lines": 15, "num_statements": 16, "percent_covered": 93.75, "percent_covered_display": "93.8", "missing_lines": 1, "excluded_lines": 0, "percent_statements_covered": 93.75, "percent_statements_covered_display": "93.8"}, "missing_lines": [353], "excluded_lines": []}, "UncertaintyPropagation.__init__": {"executed_lines": [380, 381, 383, 384, 386, 387, 389, 390, 391, 393, 394, 395, 396, 397, 399], "summary": {"covered_lines": 15, "num_statements": 15, "percent_covered": 100.0, "percent_covered_display": "100.0", "missing_lines": 0, "excluded_lines": 0, "percent_statements_covered": 100.0, "percent_statements_covered_display": "100.0"}, "missing_lines": [], "excluded_lines": []}, "UncertaintyPropagation.propagate": {"executed_lines": [428, 429, 431, 432, 433, 435, 439, 440, 441, 442, 445, 446, 447, 448, 449, 450, 455, 456, 458, 459, 461, 463, 466, 467, 468, 469, 474, 476, 477, 478, 481, 484, 485, 486, 489, 491, 493, 496, 497, 499, 507, 517, 519], "summary": {"covered_lines": 43, "num_statements": 44, "percent_covered": 97.72727272727273, "percent_covered_display": "97.7", "missing_lines": 1, "excluded_lines": 0, "percent_statements_covered": 97.72727272727273, "percent_statements_covered_display": "97.7"}, "missing_lines": [452], "excluded_lines": []}, "UncertaintyPropagation._print_statistics": {"executed_lines": [523, 524, 525, 526, 527, 528, 529, 531, 532, 533, 534, 535, 537, 546], "summary": {"covered_lines": 14, "num_statements": 14, "percent_covered": 100.0, "percent_covered_display": "100.0", "missing_lines": 0, "excluded_lines": 0, "percent_statements_covered": 100.0, "percent_statements_covered_display": "100.0"}, "missing_lines": [], "excluded_lines": []}, "SensitivityAnalysis.__init__": {"executed_lines": [569, 570, 572, 573, 575, 578, 579, 580, 581, 583], "summary": {"covered_lines": 10, "num_statements": 11, "percent_covered": 90.9090909090909, "percent_covered_display": "90.9", "missing_lines": 1, "excluded_lines": 0, "percent_statements_covered": 90.9090909090909, "percent_statements_covered_display": "90.9"}, "missing_lines": [576], "excluded_lines": []}, "SensitivityAnalysis.sobol_analysis": {"executed_lines": [607, 608, 610, 611], "summary": {"covered_lines": 4, "num_statements": 37, "percent_covered": 10.81081081081081, "percent_covered_display": "10.8", "missing_lines": 33, "excluded_lines": 0,